CREATE TABLE aut_institution (INS_ID varchar(50) COLLATE utf8_bin NOT NULL, INS_CODE varchar(50) COLLATE utf8_bin, INS_NAME varchar(255) COLLATE utf8_bin, INS_ENGNAME varchar(255) COLLATE utf8_bin, INS_TWNAME varchar(255) COLLATE utf8_bin, INS_DESCRIBE varchar(255) COLLATE utf8_bin, IS_START varchar(1) COLLATE utf8_bin DEFAULT 'Y', SYSTEM_DATETIME varchar(50) COLLATE utf8_bin, INS_SUPER_ID varchar(255) COLLATE utf8_bin, INS_ORDER int, PRIMARY KEY (INS_ID)) ENGINE=InnoDB DEFAULT CHARSET=utf8;
INSERT INTO aut_institution (INS_ID, INS_CODE, INS_NAME, INS_ENGNAME, INS_TWNAME, INS_DESCRIBE, IS_START, SYSTEM_DATETIME, INS_SUPER_ID, INS_ORDER) VALUES ('2f32fa65-3a5e-4bbc-bdfc-1d3915d8b7fb', 'JLSY', '金融事业部', '', '', null, null, '2016-04-01 10:20:41', '', 0);
INSERT INTO aut_institution (INS_ID, INS_CODE, INS_NAME, INS_ENGNAME, INS_TWNAME, INS_DESCRIBE, IS_START, SYSTEM_DATETIME, INS_SUPER_ID, INS_ORDER) VALUES ('7aaa27ce-0795-4b31-b85a-59fed3b52ad6', 'BJFGS', '北京分公司', '', '', null, null, '2016-04-01 10:21:06', '2f32fa65-3a5e-4bbc-bdfc-1d3915d8b7fb', 0);
INSERT INTO aut_institution (INS_ID, INS_CODE, INS_NAME, INS_ENGNAME, INS_TWNAME, INS_DESCRIBE, IS_START, SYSTEM_DATETIME, INS_SUPER_ID, INS_ORDER) VALUES ('d56f0ed7-6445-4b33-9df6-66e31bb58647', 'XMFGS', '厦门分公司', '', '', null, null, '2016-04-01 10:21:26', '2f32fa65-3a5e-4bbc-bdfc-1d3915d8b7fb', 0);
CREATE TABLE aut_institution_role (INS_ID varchar(50) COLLATE utf8_bin NOT NULL, ROLE_ID varchar(50) COLLATE utf8_bin NOT NULL, SYSTEM_DATETIME varchar(50) COLLATE utf8_bin, PRIMARY KEY (INS_ID, ROLE_ID)) ENGINE=InnoDB DEFAULT CHARSET=utf8;
INSERT INTO aut_institution_role (INS_ID, ROLE_ID, SYSTEM_DATETIME) VALUES ('0cc6922a-5569-42d6-a654-ec98955eff4b', 'a3363ca8-c2d3-4e03-8319-b5287dff71e9', '2016-01-07 09:58:02');
INSERT INTO aut_institution_role (INS_ID, ROLE_ID, SYSTEM_DATETIME) VALUES ('2f32fa65-3a5e-4bbc-bdfc-1d3915d8b7fb', '800891da-52bb-4175-bffa-bab777d0c335', '2016-04-05 15:48:07');
INSERT INTO aut_institution_role (INS_ID, ROLE_ID, SYSTEM_DATETIME) VALUES ('2f32fa65-3a5e-4bbc-bdfc-1d3915d8b7fb', 'ab26fa25-0f60-4dbc-a095-5f78eb15aed3', '2016-04-05 15:48:07');
INSERT INTO aut_institution_role (INS_ID, ROLE_ID, SYSTEM_DATETIME) VALUES ('7aaa27ce-0795-4b31-b85a-59fed3b52ad6', 'ab26fa25-0f60-4dbc-a095-5f78eb15aed3', '2016-04-05 15:48:17');
INSERT INTO aut_institution_role (INS_ID, ROLE_ID, SYSTEM_DATETIME) VALUES ('901bf365-5bd7-4653-9e79-bdc4263b9497', 'a3363ca8-c2d3-4e03-8319-b5287dff71e9', '2016-01-07 09:57:54');
INSERT INTO aut_institution_role (INS_ID, ROLE_ID, SYSTEM_DATETIME) VALUES ('a1259c1e-7cc7-4520-955d-10f1dee5fc17', 'a3363ca8-c2d3-4e03-8319-b5287dff71e9', '2016-03-31 15:26:27');
CREATE TABLE aut_institution_user (INS_ID varchar(50) COLLATE utf8_bin NOT NULL, USER_ID varchar(50) COLLATE utf8_bin NOT NULL, SYSTEM_DATETIME varchar(50) COLLATE utf8_bin, PRIMARY KEY (INS_ID, USER_ID)) ENGINE=InnoDB DEFAULT CHARSET=utf8;
INSERT INTO aut_institution_user (INS_ID, USER_ID, SYSTEM_DATETIME) VALUES ('2f32fa65-3a5e-4bbc-bdfc-1d3915d8b7fb', 'xc', '2016-04-05 14:47:51');
INSERT INTO aut_institution_user (INS_ID, USER_ID, SYSTEM_DATETIME) VALUES ('7aaa27ce-0795-4b31-b85a-59fed3b52ad6', 'admin', '2016-08-08 17:43:57');
INSERT INTO aut_institution_user (INS_ID, USER_ID, SYSTEM_DATETIME) VALUES ('7aaa27ce-0795-4b31-b85a-59fed3b52ad6', 'xc', '2016-04-05 14:47:51');
INSERT INTO aut_institution_user (INS_ID, USER_ID, SYSTEM_DATETIME) VALUES ('d56f0ed7-6445-4b33-9df6-66e31bb58647', 'user1', '2016-07-21 14:34:25');
INSERT INTO aut_institution_user (INS_ID, USER_ID, SYSTEM_DATETIME) VALUES ('d56f0ed7-6445-4b33-9df6-66e31bb58647', 'xc', '2016-04-05 14:47:51');
CREATE TABLE aut_menu (ID varchar(50) COLLATE utf8_bin NOT NULL, NAME varchar(255) COLLATE utf8_bin, ENGNAME varchar(255) COLLATE utf8_bin, TWNAME varchar(255) COLLATE utf8_bin, URL varchar(100) COLLATE utf8_bin, ISVALID char(1) COLLATE utf8_bin, CREATE_DATE varchar(50) COLLATE utf8_bin, TOPMENUID varchar(50) COLLATE utf8_bin, SORT_ORDER int DEFAULT '0', PRIMARY KEY (ID)) ENGINE=InnoDB DEFAULT CHARSET=utf8;
INSERT INTO aut_menu (ID, NAME, ENGNAME, TWNAME, URL, ISVALID, CREATE_DATE, TOPMENUID, SORT_ORDER) VALUES ('08935782-555c-4819-bb50-644a27dd54ee', '系统管理', 'System Manager', '', '', 'N', '2016-03-31 09:30:36', '', 1);
INSERT INTO aut_menu (ID, NAME, ENGNAME, TWNAME, URL, ISVALID, CREATE_DATE, TOPMENUID, SORT_ORDER) VALUES ('245e629b-8ac4-4672-8391-fe0a11a829b9', '操作', 'Operation', '操作', 'pages/system/aut/aut_operation.jsp', 'Y', '2016-09-05 16:49:48', '08935782-555c-4819-bb50-644a27dd54ee', 5);
INSERT INTO aut_menu (ID, NAME, ENGNAME, TWNAME, URL, ISVALID, CREATE_DATE, TOPMENUID, SORT_ORDER) VALUES ('36134ff4-c141-407f-9753-40497b312247', '角色', 'Role', '角色', 'pages/system/aut/aut_role.jsp', 'Y', '2016-03-31 16:20:24', '08935782-555c-4819-bb50-644a27dd54ee', 4);
INSERT INTO aut_menu (ID, NAME, ENGNAME, TWNAME, URL, ISVALID, CREATE_DATE, TOPMENUID, SORT_ORDER) VALUES ('4a44f35d-ac96-45b6-812c-ca362ba7a2f4', '工作流', 'Work Flow', '工作流', '', 'Y', '2016-03-31 09:30:36', '', 2);
INSERT INTO aut_menu (ID, NAME, ENGNAME, TWNAME, URL, ISVALID, CREATE_DATE, TOPMENUID, SORT_ORDER) VALUES ('4bd11874-d06d-447b-bffe-13a6af5ef0ab', '用户', 'User', '用戶', 'pages/system/aut/aut_user.jsp', 'Y', '2016-03-31 16:20:15', '08935782-555c-4819-bb50-644a27dd54ee', 3);
INSERT INTO aut_menu (ID, NAME, ENGNAME, TWNAME, URL, ISVALID, CREATE_DATE, TOPMENUID, SORT_ORDER) VALUES ('4da84659-2dd9-40a8-b6a2-17835f2324b8', '单表测试', '', '', 'pages/templet/onetable.jsp', 'Y', '2016-03-31 09:30:36', '7dbc8fc9-599c-43f2-83e5-7dbf15ab6272', 2);
INSERT INTO aut_menu (ID, NAME, ENGNAME, TWNAME, URL, ISVALID, CREATE_DATE, TOPMENUID, SORT_ORDER) VALUES ('54be6026-c71a-4a9e-a1f4-3f3c4cee09c0', '主子表测试', '', '', 'pages/templet/onetomanytable.jsp', 'Y', '2016-03-31 09:30:36', '7dbc8fc9-599c-43f2-83e5-7dbf15ab6272', 4);
INSERT INTO aut_menu (ID, NAME, ENGNAME, TWNAME, URL, ISVALID, CREATE_DATE, TOPMENUID, SORT_ORDER) VALUES ('7dbc8fc9-599c-43f2-83e5-7dbf15ab6272', '测试功能', '', '', '', 'Y', '2016-03-31 09:30:36', '', 3);
INSERT INTO aut_menu (ID, NAME, ENGNAME, TWNAME, URL, ISVALID, CREATE_DATE, TOPMENUID, SORT_ORDER) VALUES ('800c7a20-daa0-4735-a831-e0e32399129f', '菜单', 'Menu', '菜單', 'pages/system/aut/aut_menu.jsp', 'Y', '2016-03-31 09:30:36', '08935782-555c-4819-bb50-644a27dd54ee', 1);
INSERT INTO aut_menu (ID, NAME, ENGNAME, TWNAME, URL, ISVALID, CREATE_DATE, TOPMENUID, SORT_ORDER) VALUES ('93f2fe4d-5b43-45b0-b564-b2faf9d7c64b', '待办任务', 'Todo List', '待办任务', 'pages/system/flow/task.jsp', 'Y', '2016-03-31 09:30:36', '4a44f35d-ac96-45b6-812c-ca362ba7a2f4', 1);
INSERT INTO aut_menu (ID, NAME, ENGNAME, TWNAME, URL, ISVALID, CREATE_DATE, TOPMENUID, SORT_ORDER) VALUES ('b74033f2-e0d7-4cb8-96d9-3cdd4eb1699f', '流程历史', '', '', 'pages/system/flow/hisorder.jsp', 'Y', '2016-03-31 09:30:36', '4a44f35d-ac96-45b6-812c-ca362ba7a2f4', 3);
INSERT INTO aut_menu (ID, NAME, ENGNAME, TWNAME, URL, ISVALID, CREATE_DATE, TOPMENUID, SORT_ORDER) VALUES ('cbca345b-6c7a-43a7-98f3-6c9a70b626f1', '机构', 'Institution', '機構', 'pages/system/aut/aut_institution.jsp', 'Y', '2016-03-31 09:30:36', '08935782-555c-4819-bb50-644a27dd54ee', 2);
INSERT INTO aut_menu (ID, NAME, ENGNAME, TWNAME, URL, ISVALID, CREATE_DATE, TOPMENUID, SORT_ORDER) VALUES ('efe70bf6-e1c3-4dba-84d4-5a2dee95f202', '流程部署', '', '', 'pages/system/flow/process.jsp', 'Y', '2016-03-31 09:30:36', '4a44f35d-ac96-45b6-812c-ca362ba7a2f4', 2);
INSERT INTO aut_menu (ID, NAME, ENGNAME, TWNAME, URL, ISVALID, CREATE_DATE, TOPMENUID, SORT_ORDER) VALUES ('f1a1e8b7-1e64-47db-a697-8a6b5449912b', '流程监控', '', '', 'pages/system/flow/order.jsp', 'Y', '2016-03-31 09:30:36', '4a44f35d-ac96-45b6-812c-ca362ba7a2f4', 4);
CREATE TABLE aut_operation (OPE_ID varchar(50) COLLATE utf8_bin NOT NULL, OPE_CODE varchar(50) COLLATE utf8_bin NOT NULL, OPE_NAME varchar(50) COLLATE utf8_bin, OPE_ENGNAME varchar(50) COLLATE utf8_bin, OPE_TWNAME varchar(50) COLLATE utf8_bin, SYSTEM_DATETIME varchar(50) COLLATE utf8_bin, PRIMARY KEY (OPE_ID, OPE_CODE)) ENGINE=InnoDB DEFAULT CHARSET=utf8;
INSERT INTO aut_operation (OPE_ID, OPE_CODE, OPE_NAME, OPE_ENGNAME, OPE_TWNAME, SYSTEM_DATETIME) VALUES ('14f06d9d-7812-4e12-bed2-bb16d1e7edfe', 'Remove', '刪除', 'Remove', '刪除', '2016-04-01 13:32:36');
INSERT INTO aut_operation (OPE_ID, OPE_CODE, OPE_NAME, OPE_ENGNAME, OPE_TWNAME, SYSTEM_DATETIME) VALUES ('1fc8f7e8-7b66-464b-8304-807785b0af8f', 'Add', '增加', 'Add', '增加', '2014-02-28 11:09:03');
INSERT INTO aut_operation (OPE_ID, OPE_CODE, OPE_NAME, OPE_ENGNAME, OPE_TWNAME, SYSTEM_DATETIME) VALUES ('656bbaf2-c6b2-4019-b9ac-36f4ed18377a', 'Edit', '编辑', 'Edit', '編輯', '2014-02-28 11:10:49');
INSERT INTO aut_operation (OPE_ID, OPE_CODE, OPE_NAME, OPE_ENGNAME, OPE_TWNAME, SYSTEM_DATETIME) VALUES ('7023c983-0843-4e74-81a9-245d09c161b2', 'Setting', '设置', 'Setting', '设置', '2016-04-01 13:32:42');
INSERT INTO aut_operation (OPE_ID, OPE_CODE, OPE_NAME, OPE_ENGNAME, OPE_TWNAME, SYSTEM_DATETIME) VALUES ('a05cc82b-3a68-46cc-8e72-d90c6d2ac3bc', 'Review', '复核', 'Review', '复核', '2016-04-01 13:32:55');
INSERT INTO aut_operation (OPE_ID, OPE_CODE, OPE_NAME, OPE_ENGNAME, OPE_TWNAME, SYSTEM_DATETIME) VALUES ('b72f5aea-fc27-4cff-bb9b-99a54286c5cc', 'Save', '保存', 'Save', '保存', '2014-02-28 11:09:03');
CREATE TABLE aut_role (ROLE_ID varchar(50) COLLATE utf8_bin NOT NULL, ROLE_CODE varchar(255) COLLATE utf8_bin, ROLE_NAME varchar(255) COLLATE utf8_bin, ROLE_ENGNAME varchar(255) COLLATE utf8_bin, ROLE_TWNAME varchar(255) COLLATE utf8_bin, IS_START char(1) COLLATE utf8_bin, SYSTEM_DATETIME varchar(50) COLLATE utf8_bin, ROLE_SUPER_ID varchar(50) COLLATE utf8_bin, ROLE_ORDER int DEFAULT '0', PRIMARY KEY (ROLE_ID)) ENGINE=InnoDB DEFAULT CHARSET=utf8;
INSERT INTO aut_role (ROLE_ID, ROLE_CODE, ROLE_NAME, ROLE_ENGNAME, ROLE_TWNAME, IS_START, SYSTEM_DATETIME, ROLE_SUPER_ID, ROLE_ORDER) VALUES ('2560d570-9917-45a9-887e-aca3f4870f77', 'fgdfg', 'xcvbcxv', '', '', 'N', '2016-07-21 14:16:26', '', 0);
INSERT INTO aut_role (ROLE_ID, ROLE_CODE, ROLE_NAME, ROLE_ENGNAME, ROLE_TWNAME, IS_START, SYSTEM_DATETIME, ROLE_SUPER_ID, ROLE_ORDER) VALUES ('800891da-52bb-4175-bffa-bab777d0c335', 'normal', '一般员工', '', '', 'N', '2016-04-01 11:26:14', '', 0);
INSERT INTO aut_role (ROLE_ID, ROLE_CODE, ROLE_NAME, ROLE_ENGNAME, ROLE_TWNAME, IS_START, SYSTEM_DATETIME, ROLE_SUPER_ID, ROLE_ORDER) VALUES ('ab26fa25-0f60-4dbc-a095-5f78eb15aed3', 'approver', '审批员', '', '', 'N', '2016-04-01 11:26:29', '', 0);
CREATE TABLE aut_role_menu_operation (ROLE_ID varchar(50) COLLATE utf8_bin NOT NULL, MENU_ID varchar(50) COLLATE utf8_bin NOT NULL, OPE_ID varchar(50) COLLATE utf8_bin NOT NULL, PRIMARY KEY (ROLE_ID, MENU_ID, OPE_ID)) ENGINE=InnoDB DEFAULT CHARSET=utf8;
INSERT INTO aut_role_menu_operation (ROLE_ID, MENU_ID, OPE_ID) VALUES ('800891da-52bb-4175-bffa-bab777d0c335', '4a44f35d-ac96-45b6-812c-ca362ba7a2f4', '');
INSERT INTO aut_role_menu_operation (ROLE_ID, MENU_ID, OPE_ID) VALUES ('800891da-52bb-4175-bffa-bab777d0c335', '4da84659-2dd9-40a8-b6a2-17835f2324b8', '');
INSERT INTO aut_role_menu_operation (ROLE_ID, MENU_ID, OPE_ID) VALUES ('800891da-52bb-4175-bffa-bab777d0c335', '54be6026-c71a-4a9e-a1f4-3f3c4cee09c0', '');
INSERT INTO aut_role_menu_operation (ROLE_ID, MENU_ID, OPE_ID) VALUES ('800891da-52bb-4175-bffa-bab777d0c335', '7dbc8fc9-599c-43f2-83e5-7dbf15ab6272', '');
INSERT INTO aut_role_menu_operation (ROLE_ID, MENU_ID, OPE_ID) VALUES ('800891da-52bb-4175-bffa-bab777d0c335', '810eb96b-97a0-439f-9210-4c3ee1105585', 'Edit');
INSERT INTO aut_role_menu_operation (ROLE_ID, MENU_ID, OPE_ID) VALUES ('800891da-52bb-4175-bffa-bab777d0c335', '93f2fe4d-5b43-45b0-b564-b2faf9d7c64b', 'Edit');
INSERT INTO aut_role_menu_operation (ROLE_ID, MENU_ID, OPE_ID) VALUES ('800891da-52bb-4175-bffa-bab777d0c335', '93f2fe4d-5b43-45b0-b564-b2faf9d7c64b', 'Setting');
INSERT INTO aut_role_menu_operation (ROLE_ID, MENU_ID, OPE_ID) VALUES ('800891da-52bb-4175-bffa-bab777d0c335', 'b74033f2-e0d7-4cb8-96d9-3cdd4eb1699f', '');
INSERT INTO aut_role_menu_operation (ROLE_ID, MENU_ID, OPE_ID) VALUES ('800891da-52bb-4175-bffa-bab777d0c335', 'c04708f5-6e99-4390-9144-3cfe9207fb1f', '');
INSERT INTO aut_role_menu_operation (ROLE_ID, MENU_ID, OPE_ID) VALUES ('800891da-52bb-4175-bffa-bab777d0c335', 'efe70bf6-e1c3-4dba-84d4-5a2dee95f202', '');
INSERT INTO aut_role_menu_operation (ROLE_ID, MENU_ID, OPE_ID) VALUES ('800891da-52bb-4175-bffa-bab777d0c335', 'f1a1e8b7-1e64-47db-a697-8a6b5449912b', '');
INSERT INTO aut_role_menu_operation (ROLE_ID, MENU_ID, OPE_ID) VALUES ('ab26fa25-0f60-4dbc-a095-5f78eb15aed3', '08935782-555c-4819-bb50-644a27dd54ee', '');
INSERT INTO aut_role_menu_operation (ROLE_ID, MENU_ID, OPE_ID) VALUES ('ab26fa25-0f60-4dbc-a095-5f78eb15aed3', '245e629b-8ac4-4672-8391-fe0a11a829b9', '');
INSERT INTO aut_role_menu_operation (ROLE_ID, MENU_ID, OPE_ID) VALUES ('ab26fa25-0f60-4dbc-a095-5f78eb15aed3', '36134ff4-c141-407f-9753-40497b312247', '');
INSERT INTO aut_role_menu_operation (ROLE_ID, MENU_ID, OPE_ID) VALUES ('ab26fa25-0f60-4dbc-a095-5f78eb15aed3', '4a44f35d-ac96-45b6-812c-ca362ba7a2f4', '');
INSERT INTO aut_role_menu_operation (ROLE_ID, MENU_ID, OPE_ID) VALUES ('ab26fa25-0f60-4dbc-a095-5f78eb15aed3', '4bd11874-d06d-447b-bffe-13a6af5ef0ab', '');
INSERT INTO aut_role_menu_operation (ROLE_ID, MENU_ID, OPE_ID) VALUES ('ab26fa25-0f60-4dbc-a095-5f78eb15aed3', '4da84659-2dd9-40a8-b6a2-17835f2324b8', '');
INSERT INTO aut_role_menu_operation (ROLE_ID, MENU_ID, OPE_ID) VALUES ('ab26fa25-0f60-4dbc-a095-5f78eb15aed3', '54be6026-c71a-4a9e-a1f4-3f3c4cee09c0', '');
INSERT INTO aut_role_menu_operation (ROLE_ID, MENU_ID, OPE_ID) VALUES ('ab26fa25-0f60-4dbc-a095-5f78eb15aed3', '7dbc8fc9-599c-43f2-83e5-7dbf15ab6272', '');
INSERT INTO aut_role_menu_operation (ROLE_ID, MENU_ID, OPE_ID) VALUES ('ab26fa25-0f60-4dbc-a095-5f78eb15aed3', '800c7a20-daa0-4735-a831-e0e32399129f', '');
INSERT INTO aut_role_menu_operation (ROLE_ID, MENU_ID, OPE_ID) VALUES ('ab26fa25-0f60-4dbc-a095-5f78eb15aed3', '810eb96b-97a0-439f-9210-4c3ee1105585', '');
INSERT INTO aut_role_menu_operation (ROLE_ID, MENU_ID, OPE_ID) VALUES ('ab26fa25-0f60-4dbc-a095-5f78eb15aed3', '93f2fe4d-5b43-45b0-b564-b2faf9d7c64b', '');
INSERT INTO aut_role_menu_operation (ROLE_ID, MENU_ID, OPE_ID) VALUES ('ab26fa25-0f60-4dbc-a095-5f78eb15aed3', 'b74033f2-e0d7-4cb8-96d9-3cdd4eb1699f', '');
INSERT INTO aut_role_menu_operation (ROLE_ID, MENU_ID, OPE_ID) VALUES ('ab26fa25-0f60-4dbc-a095-5f78eb15aed3', 'c04708f5-6e99-4390-9144-3cfe9207fb1f', '');
INSERT INTO aut_role_menu_operation (ROLE_ID, MENU_ID, OPE_ID) VALUES ('ab26fa25-0f60-4dbc-a095-5f78eb15aed3', 'cbca345b-6c7a-43a7-98f3-6c9a70b626f1', '');
INSERT INTO aut_role_menu_operation (ROLE_ID, MENU_ID, OPE_ID) VALUES ('ab26fa25-0f60-4dbc-a095-5f78eb15aed3', 'efe70bf6-e1c3-4dba-84d4-5a2dee95f202', '');
INSERT INTO aut_role_menu_operation (ROLE_ID, MENU_ID, OPE_ID) VALUES ('ab26fa25-0f60-4dbc-a095-5f78eb15aed3', 'f1a1e8b7-1e64-47db-a697-8a6b5449912b', '');
CREATE TABLE aut_tempmenu (ID varchar(50) COLLATE utf8_bin NOT NULL, TOPMENUID varchar(50) COLLATE utf8_bin, TEXT varchar(255) COLLATE utf8_bin, PRIMARY KEY (ID)) ENGINE=InnoDB DEFAULT CHARSET=utf8;
INSERT INTO aut_tempmenu (ID, TOPMENUID, TEXT) VALUES ('4a44f35d-ac96-45b6-812c-ca362ba7a2f4', '', '工作流');
INSERT INTO aut_tempmenu (ID, TOPMENUID, TEXT) VALUES ('4da84659-2dd9-40a8-b6a2-17835f2324b8', '7dbc8fc9-599c-43f2-83e5-7dbf15ab6272', '单表测试');
INSERT INTO aut_tempmenu (ID, TOPMENUID, TEXT) VALUES ('54be6026-c71a-4a9e-a1f4-3f3c4cee09c0', '7dbc8fc9-599c-43f2-83e5-7dbf15ab6272', '主子表测试');
INSERT INTO aut_tempmenu (ID, TOPMENUID, TEXT) VALUES ('7dbc8fc9-599c-43f2-83e5-7dbf15ab6272', '', '测试功能');
INSERT INTO aut_tempmenu (ID, TOPMENUID, TEXT) VALUES ('810eb96b-97a0-439f-9210-4c3ee1105585', '7dbc8fc9-599c-43f2-83e5-7dbf15ab6272', '报价测试');
INSERT INTO aut_tempmenu (ID, TOPMENUID, TEXT) VALUES ('93f2fe4d-5b43-45b0-b564-b2faf9d7c64b', '4a44f35d-ac96-45b6-812c-ca362ba7a2f4', '待办任务');
INSERT INTO aut_tempmenu (ID, TOPMENUID, TEXT) VALUES ('b74033f2-e0d7-4cb8-96d9-3cdd4eb1699f', '4a44f35d-ac96-45b6-812c-ca362ba7a2f4', '流程历史');
INSERT INTO aut_tempmenu (ID, TOPMENUID, TEXT) VALUES ('c04708f5-6e99-4390-9144-3cfe9207fb1f', '7dbc8fc9-599c-43f2-83e5-7dbf15ab6272', '差旅报销');
INSERT INTO aut_tempmenu (ID, TOPMENUID, TEXT) VALUES ('efe70bf6-e1c3-4dba-84d4-5a2dee95f202', '4a44f35d-ac96-45b6-812c-ca362ba7a2f4', '流程部署');
INSERT INTO aut_tempmenu (ID, TOPMENUID, TEXT) VALUES ('f1a1e8b7-1e64-47db-a697-8a6b5449912b', '4a44f35d-ac96-45b6-812c-ca362ba7a2f4', '流程监控');
CREATE TABLE aut_user (USER_ID varchar(50) COLLATE utf8_bin NOT NULL, USER_NAME varchar(255) COLLATE utf8_bin, USER_ENGNAME varchar(255) COLLATE utf8_bin, USER_TWNAME varchar(255) COLLATE utf8_bin, PASSWORD varchar(255) COLLATE utf8_bin, IS_START char(1) COLLATE utf8_bin, LAST_LOGIN_TIME varchar(50) COLLATE utf8_bin, SYSTEM_DATETIME varchar(50) COLLATE utf8_bin, PRIMARY KEY (USER_ID)) ENGINE=InnoDB DEFAULT CHARSET=utf8;
INSERT INTO aut_user (USER_ID, USER_NAME, USER_ENGNAME, USER_TWNAME, PASSWORD, IS_START, LAST_LOGIN_TIME, SYSTEM_DATETIME) VALUES ('admin', '管理员', '', '', '8c6976e5b5410415bde908bd4dee15dfb167a9c873fc4bb8a81f6f2ab448a918', 'Y', '', '2015-04-10 22:41:38');
INSERT INTO aut_user (USER_ID, USER_NAME, USER_ENGNAME, USER_TWNAME, PASSWORD, IS_START, LAST_LOGIN_TIME, SYSTEM_DATETIME) VALUES ('user1', '用户1', '', '', '8c6976e5b5410415bde908bd4dee15dfb167a9c873fc4bb8a81f6f2ab448a918', 'Y', '', '2015-04-10 21:47:24');
INSERT INTO aut_user (USER_ID, USER_NAME, USER_ENGNAME, USER_TWNAME, PASSWORD, IS_START, LAST_LOGIN_TIME, SYSTEM_DATETIME) VALUES ('user2', '用户2', '', '', '8c6976e5b5410415bde908bd4dee15dfb167a9c873fc4bb8a81f6f2ab448a918', 'Y', '', '2015-04-10 21:47:24');
CREATE TABLE aut_user_role (USER_ID varchar(50) COLLATE utf8_bin NOT NULL, ROLE_ID varchar(50) COLLATE utf8_bin NOT NULL, SYSTEM_DATETIME varchar(50) COLLATE utf8_bin, PRIMARY KEY (USER_ID, ROLE_ID)) ENGINE=InnoDB DEFAULT CHARSET=utf8;
INSERT INTO aut_user_role (USER_ID, ROLE_ID, SYSTEM_DATETIME) VALUES ('admin', '2560d570-9917-45a9-887e-aca3f4870f77', '2016-07-21 14:34:32');
INSERT INTO aut_user_role (USER_ID, ROLE_ID, SYSTEM_DATETIME) VALUES ('user1', 'undefined', '2016-04-05 14:47:40');
INSERT INTO aut_user_role (USER_ID, ROLE_ID, SYSTEM_DATETIME) VALUES ('xc', '800891da-52bb-4175-bffa-bab777d0c335', '2016-04-05 15:04:17');
INSERT INTO aut_user_role (USER_ID, ROLE_ID, SYSTEM_DATETIME) VALUES ('xc', 'ab26fa25-0f60-4dbc-a095-5f78eb15aed3', '2016-04-05 15:04:17');
CREATE TABLE subtest (block_id varchar(20) DEFAULT '0' NOT NULL, sub_id varchar(20) DEFAULT '0' NOT NULL, title_no varchar(20), title_name varchar(20), type_id varchar(20), PRIMARY KEY (block_id, sub_id)) ENGINE=InnoDB DEFAULT CHARSET=utf8;
INSERT INTO subtest (block_id, sub_id, title_no, title_name, type_id) VALUES ('ddd', 'dfdfdfdf', null, null, null);
INSERT INTO subtest (block_id, sub_id, title_no, title_name, type_id) VALUES ('ddd', 'g', '', '', '');
INSERT INTO subtest (block_id, sub_id, title_no, title_name, type_id) VALUES ('dsf', 'dss', '', 'd', null);
INSERT INTO subtest (block_id, sub_id, title_no, title_name, type_id) VALUES ('dsf', 'sdddd', 'ddd', null, null);
INSERT INTO subtest (block_id, sub_id, title_no, title_name, type_id) VALUES ('dsf', 'xfg', '', 'd', 'd');
INSERT INTO subtest (block_id, sub_id, title_no, title_name, type_id) VALUES ('fd', '4', null, null, null);
INSERT INTO subtest (block_id, sub_id, title_no, title_name, type_id) VALUES ('fg', '4545', '', null, null);
INSERT INTO subtest (block_id, sub_id, title_no, title_name, type_id) VALUES ('gfgfgf', 'dffd', null, null, null);
INSERT INTO subtest (block_id, sub_id, title_no, title_name, type_id) VALUES ('sdwwww', 'sdfwqe', 'd', 'ssddfdsf', 'qe');
INSERT INTO subtest (block_id, sub_id, title_no, title_name, type_id) VALUES ('sdwwww', 'wewwe', 'e', 'weqw', 'qeweqw');
CREATE TABLE test (block_id varchar(20) COLLATE latin1_swedish_ci DEFAULT '0' NOT NULL, title_no varchar(20) COLLATE latin1_swedish_ci, title_name varchar(20) COLLATE latin1_swedish_ci, type_id varchar(20) COLLATE latin1_swedish_ci, PRIMARY KEY (block_id)) ENGINE=InnoDB DEFAULT CHARSET=utf8;
INSERT INTO test (block_id, title_no, title_name, type_id) VALUES ('dfrwerewrwr', 'dfkk', 'der', 'we');
INSERT INTO test (block_id, title_no, title_name, type_id) VALUES ('f', 'dffdkkk', 'df', 'df');
INSERT INTO test (block_id, title_no, title_name, type_id) VALUES ('fg', 'hfg', 'gfh', 'fhghgh');
INSERT INTO test (block_id, title_no, title_name, type_id) VALUES ('fgfg', 'kk', 'dfgdfgdfgdfg', 'dfg');
INSERT INTO test (block_id, title_no, title_name, type_id) VALUES ('fsdfs', 'df', '32fe', 'fsdfds');
INSERT INTO test (block_id, title_no, title_name, type_id) VALUES ('gfg', 'fg', 'fgf', 'gfg');
INSERT INTO test (block_id, title_no, title_name, type_id) VALUES ('gfgfgf', 'fgf', 'fgfgfg', 'gfgg');
INSERT INTO test (block_id, title_no, title_name, type_id) VALUES ('ghjgf', null, 'g', 'g');
INSERT INTO test (block_id, title_no, title_name, type_id) VALUES ('jh', 'jhk', 'ggg', 'grtrt');
INSERT INTO test (block_id, title_no, title_name, type_id) VALUES ('rrr', 'rr', 'rr', 'rrer');
INSERT INTO test (block_id, title_no, title_name, type_id) VALUES ('sdf', 'sdf', 'sdf', 'sdsdfdfdf');
INSERT INTO test (block_id, title_no, title_name, type_id) VALUES ('sdffgg', 'sdf', 'dsf', 'sdf');
INSERT INTO test (block_id, title_no, title_name, type_id) VALUES ('sdwwww', 'sd', 'sdsdsfsdf', 'sd');
INSERT INTO test (block_id, title_no, title_name, type_id) VALUES ('y', null, 'yuiyu', 'yuiyui');
INSERT INTO test (block_id, title_no, title_name, type_id) VALUES ('yuiyu', null, 'yuiy', 'uiyuiui');
INSERT INTO test (block_id, title_no, title_name, type_id) VALUES ('zzz', 'zz', 'zz', 'zzz');
CREATE TABLE wf_cc_order (order_Id varchar(32) COMMENT '流程实例ID', actor_Id varchar(50) COMMENT '参与者ID', creator varchar(50) COMMENT '发起人', create_Time varchar(50) COMMENT '抄送时间', finish_Time varchar(50) COMMENT '完成时间', status tinyint(1) COMMENT '状态', INDEX IDX_CCORDER_ORDER (order_Id)) ENGINE=MyISAM DEFAULT CHARSET=utf8 COMMENT='抄送实例表';
CREATE TABLE wf_hist_order (id varchar(32) NOT NULL COMMENT '主键ID', process_Id varchar(32) NOT NULL COMMENT '流程定义ID', order_State tinyint(1) NOT NULL COMMENT '状态', creator varchar(50) COMMENT '发起人', create_Time varchar(50) NOT NULL COMMENT '发起时间', end_Time varchar(50) COMMENT '完成时间', expire_Time varchar(50) COMMENT '期望完成时间', priority tinyint(1) COMMENT '优先级', parent_Id varchar(32) COMMENT '父流程ID', order_No varchar(50) COMMENT '流程实例编号', variable varchar(2000) COMMENT '附属变量json存储', PRIMARY KEY (id), INDEX IDX_HIST_ORDER_PROCESSID (process_Id), INDEX IDX_HIST_ORDER_NO (order_No), INDEX FK_HIST_ORDER_PARENTID (parent_Id)) ENGINE=MyISAM DEFAULT CHARSET=utf8 COMMENT='历史流程实例表';
CREATE TABLE wf_hist_task (id varchar(32) NOT NULL COMMENT '主键ID', order_Id varchar(32) NOT NULL COMMENT '流程实例ID', task_Name varchar(100) NOT NULL COMMENT '任务名称', display_Name varchar(200) NOT NULL COMMENT '任务显示名称', task_Type tinyint(1) NOT NULL COMMENT '任务类型', perform_Type tinyint(1) COMMENT '参与类型', task_State tinyint(1) NOT NULL COMMENT '任务状态', operator varchar(50) COMMENT '任务处理人', create_Time varchar(50) NOT NULL COMMENT '任务创建时间', finish_Time varchar(50) COMMENT '任务完成时间', expire_Time varchar(50) COMMENT '任务期望完成时间', action_Url varchar(200) COMMENT '任务处理url', parent_Task_Id varchar(32) COMMENT '父任务ID', variable varchar(2000) COMMENT '附属变量json存储', PRIMARY KEY (id), INDEX IDX_HIST_TASK_ORDER (order_Id), INDEX IDX_HIST_TASK_TASKNAME (task_Name), INDEX IDX_HIST_TASK_PARENTTASK (parent_Task_Id)) ENGINE=MyISAM DEFAULT CHARSET=utf8 COMMENT='历史任务表';
CREATE TABLE wf_hist_task_actor (task_Id varchar(32) NOT NULL COMMENT '任务ID', actor_Id varchar(50) NOT NULL COMMENT '参与者ID', INDEX IDX_HIST_TASKACTOR_TASK (task_Id)) ENGINE=MyISAM DEFAULT CHARSET=utf8 COMMENT='历史任务参与者表';
CREATE TABLE wf_order (id varchar(32) NOT NULL COMMENT '主键ID', parent_Id varchar(32) COMMENT '父流程ID', process_Id varchar(32) NOT NULL COMMENT '流程定义ID', creator varchar(50) COMMENT '发起人', create_Time varchar(50) NOT NULL COMMENT '发起时间', expire_Time varchar(50) COMMENT '期望完成时间', last_Update_Time varchar(50) COMMENT '上次更新时间', last_Updator varchar(50) COMMENT '上次更新人', priority tinyint(1) COMMENT '优先级', parent_Node_Name varchar(100) COMMENT '父流程依赖的节点名称', order_No varchar(50) COMMENT '流程实例编号', variable varchar(2000) COMMENT '附属变量json存储', version int(3) COMMENT '版本', PRIMARY KEY (id), INDEX IDX_ORDER_PROCESSID (process_Id), INDEX IDX_ORDER_NO (order_No), INDEX FK_ORDER_PARENTID (parent_Id)) ENGINE=MyISAM DEFAULT CHARSET=utf8 COMMENT='流程实例表';
CREATE TABLE wf_process (id varchar(32) NOT NULL COMMENT '主键ID', name varchar(100) COMMENT '流程名称', display_Name varchar(200) COMMENT '流程显示名称', type varchar(100) COMMENT '流程类型', instance_Url varchar(200) COMMENT '实例url', state tinyint(1) COMMENT '流程是否可用', content longblob COMMENT '流程模型定义', version int(2) COMMENT '版本', create_Time varchar(50) COMMENT '创建时间', creator varchar(50) COMMENT '创建人', PRIMARY KEY (id), INDEX IDX_PROCESS_NAME (name)) ENGINE=MyISAM DEFAULT CHARSET=utf8 COMMENT='流程定义表';
CREATE TABLE wf_surrogate (id varchar(32) NOT NULL COMMENT '主键ID', process_Name varchar(100) COMMENT '流程名称', operator varchar(50) COMMENT '授权人', surrogate varchar(50) COMMENT '代理人', odate varchar(64) COMMENT '操作时间', sdate varchar(64) COMMENT '开始时间', edate varchar(64) COMMENT '结束时间', state tinyint(1) COMMENT '状态', PRIMARY KEY (id), INDEX IDX_SURROGATE_OPERATOR (operator)) ENGINE=MyISAM DEFAULT CHARSET=utf8 COMMENT='委托代理表';
CREATE TABLE wf_task (id varchar(32) NOT NULL COMMENT '主键ID', order_Id varchar(32) NOT NULL COMMENT '流程实例ID', task_Name varchar(100) NOT NULL COMMENT '任务名称', display_Name varchar(200) NOT NULL COMMENT '任务显示名称', task_Type tinyint(1) NOT NULL COMMENT '任务类型', perform_Type tinyint(1) COMMENT '参与类型', operator varchar(50) COMMENT '任务处理人', create_Time varchar(50) COMMENT '任务创建时间', finish_Time varchar(50) COMMENT '任务完成时间', expire_Time varchar(50) COMMENT '任务期望完成时间', action_Url varchar(200) COMMENT '任务处理的url', parent_Task_Id varchar(32) COMMENT '父任务ID', variable varchar(2000) COMMENT '附属变量json存储', version tinyint(1) COMMENT '版本', PRIMARY KEY (id), INDEX IDX_TASK_ORDER (order_Id), INDEX IDX_TASK_TASKNAME (task_Name), INDEX IDX_TASK_PARENTTASK (parent_Task_Id)) ENGINE=MyISAM DEFAULT CHARSET=utf8 COMMENT='任务表';
CREATE TABLE wf_task_actor (task_Id varchar(32) NOT NULL COMMENT '任务ID', actor_Id varchar(50) NOT NULL COMMENT '参与者ID', INDEX IDX_TASKACTOR_TASK (task_Id)) ENGINE=MyISAM DEFAULT CHARSET=utf8 COMMENT='任务参与者表';
